[
{
    "pk": 1, 
    "model": "homepage.crew", 
    "fields": {
        "picture": "crew/iconic/joongom.png", 
        "github": "", 
        "uid": "joongom", 
        "nick_en": "Bear", 
        "title_ko": "\uc18c\ud504\ud2b8\uc6e8\uc5b4 \uc5d4\uc9c0\ub2c8\uc5b4", 
        "nick_ko": "\uc900\uacf0", 
        "twitter": "joongom", 
        "title_en": "Lead Software Engineer", 
        "email": "", 
        "facebook": "", 
        "name_ko": "\ubc15\uc900\ucca0", 
        "home": "", 
        "name_en": "Jooncheol Park", 
        "comment_ko": "\uc2a4\ub9c8\ud2b8\uc2a4\ud130\ub514 \ub2dd\uac90\ub178 \uc11c\ube44\uc2a4\uc640 \ud2bc\ud2bc\ub370\uc2a4\ub124.", 
        "picture_big": "crew/big/joongom.jpg", 
        "comment_en": ""
    }
},
{
    "pk": 2, 
    "model": "homepage.crew", 
    "fields": {
        "picture": "crew/iconic/ws.png", 
        "github": "", 
        "uid": "ws", 
        "nick_en": "Umm", 
        "title_ko": "\uc18c\ud504\ud2b8\uc6e8\uc5b4 \uc5d4\uc9c0\ub2c8\uc5b4", 
        "nick_ko": "\uc74c\uadf8\ub798", 
        "twitter": "", 
        "title_en": "Software Engineer", 
        "email": "", 
        "facebook": "", 
        "name_ko": "\uae40\uc6b0\uc11d", 
        "home": "", 
        "name_en": "Wooseok Kim", 
        "comment_ko": "\uc5b4...\uc74c...\uadf8\ub798", 
        "picture_big": "crew/big/ws.jpg", 
        "comment_en": ""
    }
},
{
    "pk": 3, 
    "model": "homepage.crew", 
    "fields": {
        "picture": "crew/iconic/b.png", 
        "github": "", 
        "uid": "b", 
        "nick_en": "Ninja", 
        "title_ko": "\uc18c\ud504\ud2b8\uc6e8\uc5b4 \uc5d4\uc9c0\ub2c8\uc5b4", 
        "nick_ko": "\ubc25\ucc28", 
        "twitter": "", 
        "title_en": "Software Engineer", 
        "email": "", 
        "facebook": "", 
        "name_ko": "\ud558\uc7ac\ud6c8", 
        "home": "", 
        "name_en": "Jaehoon Ha", 
        "comment_ko": "\uc548\ub4dc\ub85c\uc774\ub4dc\ub294 \ud584\ubcf5\ud560\uc218\uac00\uc5c4\uc11c", 
        "picture_big": "crew/big/b.jpg", 
        "comment_en": ""
    }
},
{
    "pk": 5, 
    "model": "homepage.crew", 
    "fields": {
        "picture": "crew/iconic/choi.png", 
        "github": "", 
        "uid": "choi", 
        "nick_en": "4D", 
        "title_ko": "\uadf8\ub798\ud53d \ub514\uc790\uc774\ub108", 
        "nick_ko": "\ud3ec\ub514", 
        "twitter": "", 
        "title_en": "Graphic Designer", 
        "email": "", 
        "facebook": "", 
        "name_ko": "\ucd5c\uadfc\uc601", 
        "home": "", 
        "name_en": "Geunyoung Choi", 
        "comment_ko": "\ub0b4\uac00 \ubc14\ub85c \ucc28\uc6d0\uc758 \ud2c8\uc774\ub2e4!", 
        "picture_big": "crew/big/choi.jpg", 
        "comment_en": ""
    }
},
{
    "pk": 6, 
    "model": "homepage.crew", 
    "fields": {
        "picture": "crew/iconic/dg.png", 
        "github": "", 
        "uid": "dg", 
        "nick_en": "T-1000", 
        "title_ko": "\uc18c\ud504\ud2b8\uc6e8\uc5b4 \uc5d4\uc9c0\ub2c8\uc5b4", 
        "nick_ko": "\uae30\uacc4", 
        "twitter": "", 
        "title_en": "Software Engineer", 
        "email": "", 
        "facebook": "", 
        "name_ko": "\uae40\ub3d9\uac74", 
        "home": "", 
        "name_en": "Donggun Kim", 
        "comment_ko": "\uc815\uc2e0\uc77c\ub3c4 \ud558\uc0ac\ubd88\uc131", 
        "picture_big": "crew/big/dg.jpg", 
        "comment_en": ""
    }
},
{
    "pk": 7, 
    "model": "homepage.crew", 
    "fields": {
        "picture": "crew/iconic/endorand.png", 
        "github": "", 
        "uid": "endorand", 
        "nick_en": "Barista", 
        "title_ko": "\uc18c\ud504\ud2b8\uc6e8\uc5b4 \uc5d4\uc9c0\ub2c8\uc5b4 \uacb8 \ubc14\ub9ac\uc2a4\ud0c0", 
        "nick_ko": "\uc885\uc0ac\ub9c8", 
        "twitter": "endorand81", 
        "title_en": "Software Engineer", 
        "email": "", 
        "facebook": "", 
        "name_ko": "\uc784\uc885\ud718", 
        "home": "", 
        "name_en": "Jonghwi Lim", 
        "comment_ko": "... ? ! \u2665", 
        "picture_big": "crew/big/endorand.jpg", 
        "comment_en": ""
    }
},
{
    "pk": 8, 
    "model": "homepage.crew", 
    "fields": {
        "picture": "crew/iconic/ez.png", 
        "github": "lqez", 
        "uid": "ez", 
        "nick_en": "SCV", 
        "title_ko": "CTO", 
        "nick_ko": "\ub9e4\uc0dd\uc774", 
        "twitter": "lqez", 
        "title_en": "CTO", 
        "email": "", 
        "facebook": "", 
        "name_ko": "\ubc15\ud604\uc6b0", 
        "home": "", 
        "name_en": "Hyunwoo Park", 
        "comment_ko": "Content rules platform, time rules talent.", 
        "picture_big": "crew/big/ez.jpg", 
        "comment_en": ""
    }
},
{
    "pk": 10, 
    "model": "homepage.crew", 
    "fields": {
        "picture": "crew/iconic/h.png", 
        "github": "evoka", 
        "uid": "h", 
        "nick_en": "Maestro", 
        "title_ko": "\uc18c\ud504\ud2b8\uc6e8\uc5b4 \ubc0f \uc2dc\uc2a4\ud15c \uc5d4\uc9c0\ub2c8\uc5b4", 
        "nick_ko": "\ub9c8\uc5d0", 
        "twitter": "neoevoke", 
        "title_en": "Software & System Engineer", 
        "email": "", 
        "facebook": "", 
        "name_ko": "\uc190\ub3d9\uc6b0", 
        "home": "", 
        "name_en": "Dongwoo Son", 
        "comment_ko": "Do not pull back when we should be leaning in.", 
        "picture_big": "crew/big/h.jpg", 
        "comment_en": ""
    }
},
{
    "pk": 11, 
    "model": "homepage.crew", 
    "fields": {
        "picture": "crew/iconic/j2p.png", 
        "github": "J2P", 
        "uid": "j2p", 
        "nick_en": "Double P", 
        "title_ko": "\uc18c\ud504\ud2b8\uc6e8\uc5b4 \uc5d4\uc9c0\ub2c8\uc5b4", 
        "nick_ko": "\uc30d\ud53c", 
        "twitter": "J2P_", 
        "title_en": "Software Engineer", 
        "email": "", 
        "facebook": "", 
        "name_ko": "\uc815\uc7ac\ud544", 
        "home": "", 
        "name_en": "Jaepil Jung", 
        "comment_ko": "\uc0dd\uac01\ud558\uc2dc\ub294 \uadf8 \uc30d\ud53c\uac00 \uc544\ub2d9\ub2c8\ub2e4...", 
        "picture_big": "crew/big/j2p.jpg", 
        "comment_en": ""
    }
},
{
    "pk": 12, 
    "model": "homepage.crew", 
    "fields": {
        "picture": "crew/iconic/je.png", 
        "github": "", 
        "uid": "je", 
        "nick_en": "ChoiZzang", 
        "title_ko": "\ub514\ub809\ud130", 
        "nick_ko": "\ucd5c\uc9f1", 
        "twitter": "", 
        "title_en": "Director", 
        "email": "", 
        "facebook": "", 
        "name_ko": "\ucd5c\uc815\uc740", 
        "home": "", 
        "name_en": "Jungeun Choi", 
        "comment_ko": "\uc544\uc774\ub4e4\uc744 \uc704\ud55c \uc990\uac70\uc6b4 \uc0c1\uc0c1", 
        "picture_big": "crew/big/je.jpg", 
        "comment_en": ""
    }
},
{
    "pk": 13, 
    "model": "homepage.crew", 
    "fields": {
        "picture": "crew/iconic/jey.png", 
        "github": "", 
        "uid": "jey", 
        "nick_en": "Director", 
        "title_ko": "\ube44\ub514\uc624 \ubc0f \ud6a8\uacfc \uc544\ud2f0\uc2a4\ud2b8", 
        "nick_ko": "\uc7a5\uac10\ub3c5", 
        "twitter": "", 
        "title_en": "Video & FX Artist", 
        "email": "", 
        "facebook": "", 
        "name_ko": "\uc7a5\uc740\uc601", 
        "home": "", 
        "name_en": "Eunyoung Jang", 
        "comment_ko": "\uc778\uc0dd\uc740 \ubbf8\uc644\uc131", 
        "picture_big": "crew/big/jey.jpg", 
        "comment_en": ""
    }
},
{
    "pk": 14, 
    "model": "homepage.crew", 
    "fields": {
        "picture": "crew/iconic/joo.png", 
        "github": "", 
        "uid": "joo", 
        "nick_en": "Hime", 
        "title_ko": "\uc11c\ube44\uc2a4 \uae30\ud68d \ubc0f \uc6b4\uc601", 
        "nick_ko": "\uba4d\uc9c0", 
        "twitter": "", 
        "title_en": "Project Manager", 
        "email": "", 
        "facebook": "", 
        "name_ko": "\uc815\uc9c0\uc6b0", 
        "home": "", 
        "name_en": "Jiwoo Jeong", 
        "comment_ko": "\uba38\uc5b4\uc5b4\uc5b4\uc5b4\uc5b4\uc5c9... (\u3147\u3141\u3147)", 
        "picture_big": "crew/big/joo.jpg", 
        "comment_en": ""
    }
},
{
    "pk": 15, 
    "model": "homepage.crew", 
    "fields": {
        "picture": "crew/iconic/kroisse.png", 
        "github": "Kroisse", 
        "uid": "kroisse", 
        "nick_en": "Gadget", 
        "title_ko": "\uc18c\ud504\ud2b8\uc6e8\uc5b4 \ubc0f \uc2dc\uc2a4\ud15c \uc5d4\uc9c0\ub2c8\uc5b4", 
        "nick_ko": "\uac00\uc81c\ud2b8", 
        "twitter": "eunchong_yu", 
        "title_en": "Software & System Engineer", 
        "email": "", 
        "facebook": "", 
        "name_ko": "\uc720\uc740\ucd1d", 
        "home": "", 
        "name_en": "Eunchong Yu", 
        "comment_ko": "\uc81c \uba38\ub9bf\uc18d\uc744 \uad81\uae08\ud574\ud558\uc9c0 \ub9c8\uc138\uc694", 
        "picture_big": "crew/big/kroisse.jpg", 
        "comment_en": ""
    }
},
{
    "pk": 16, 
    "model": "homepage.crew", 
    "fields": {
        "picture": "crew/iconic/m.png", 
        "github": "", 
        "uid": "m", 
        "nick_en": "M", 
        "title_ko": "CEO", 
        "nick_ko": "\uc871\uc7a5", 
        "twitter": "_tinysky", 
        "title_en": "CEO", 
        "email": "", 
        "facebook": "", 
        "name_ko": "\uae40\ubbfc\uc11d", 
        "home": "", 
        "name_en": "Minseok Kim", 
        "comment_ko": "", 
        "picture_big": "crew/big/m.jpg", 
        "comment_en": ""
    }
},
{
    "pk": 17, 
    "model": "homepage.crew", 
    "fields": {
        "picture": "crew/iconic/mj.png", 
        "github": "", 
        "uid": "mj", 
        "nick_en": "Mayo", 
        "title_ko": "\uadf8\ub798\ud53d \ub514\uc790\uc774\ub108", 
        "nick_ko": "\ub9c8\uc694", 
        "twitter": "", 
        "title_en": "Graphic Designer", 
        "email": "", 
        "facebook": "", 
        "name_ko": "\uae40\ubbfc\uc8fc", 
        "home": "", 
        "name_en": "Minjoo Kim", 
        "comment_ko": "", 
        "picture_big": "crew/big/mj.jpg", 
        "comment_en": ""
    }
},
{
    "pk": 18, 
    "model": "homepage.crew", 
    "fields": {
        "picture": "crew/iconic/new.png", 
        "github": "", 
        "uid": "new", 
        "nick_en": "Tomato", 
        "title_ko": "\uadf8\ub798\ud53d \ub514\uc790\uc774\ub108", 
        "nick_ko": "\ud1a0\ub9c8\ud1a0", 
        "twitter": "", 
        "title_en": "Graphic Designer", 
        "email": "", 
        "facebook": "", 
        "name_ko": "\uad8c\uc720\uc9c4", 
        "home": "", 
        "name_en": "Eujene Kwon", 
        "comment_ko": "\ubcfc\ub9e4 \ud1a0\ub9c8\ud1a0", 
        "picture_big": "crew/big/new.jpg", 
        "comment_en": ""
    }
},
{
    "pk": 19, 
    "model": "homepage.crew", 
    "fields": {
        "picture": "crew/iconic/py.png", 
        "github": "perhapsspy", 
        "uid": "py", 
        "nick_en": "Spy", 
        "title_ko": "\uc18c\ud504\ud2b8\uc6e8\uc5b4 \uc5d4\uc9c0\ub2c8\uc5b4", 
        "nick_ko": "\ud30c\uc774", 
        "twitter": "PerhapsSPY", 
        "title_en": "Software Engineer", 
        "email": "", 
        "facebook": "", 
        "name_ko": "\uc815\uacbd\uc5c5", 
        "home": "", 
        "name_en": "Kyoungup Jung", 
        "comment_ko": "\uc120\uc0ac\uace0 \ud6c4\uc218\uc2b5", 
        "picture_big": "crew/big/py.jpg", 
        "comment_en": ""
    }
},
{
    "pk": 20, 
    "model": "homepage.crew", 
    "fields": {
        "picture": "crew/iconic/shkang.png", 
        "github": "", 
        "uid": "shkang", 
        "nick_en": "Brother", 
        "title_ko": "\uc11c\ube44\uc2a4 \uae30\ud68d \ubc0f \uc6b4\uc601", 
        "nick_ko": "\ud6bd\ub2d8", 
        "twitter": "", 
        "title_en": "Project Manager", 
        "email": "", 
        "facebook": "", 
        "name_ko": "\uac15\uc2b9\ud558", 
        "home": "", 
        "name_en": "Seungha Kang", 
        "comment_ko": "\ub09c\ub2e4 \uace0\ub798!", 
        "picture_big": "crew/big/shkang.jpg", 
        "comment_en": ""
    }
},
{
    "pk": 21, 
    "model": "homepage.crew", 
    "fields": {
        "picture": "crew/iconic/skyun40.png", 
        "github": "", 
        "uid": "skyun40", 
        "nick_en": "Commander", 
        "title_ko": "CCO, \ub514\ub809\ud130", 
        "nick_ko": "\ucd1d\uc0ac\ub839\uad00", 
        "twitter": "", 
        "title_en": "CCO, Director", 
        "email": "", 
        "facebook": "", 
        "name_ko": "\uc724\uc131\uad6d", 
        "home": "", 
        "name_en": "Sungkuk Yun", 
        "comment_ko": "\uc544\uc774\ud15c \ud30c\ubc0d 36\ub144, \ud604\uc7ac\ub294 \ub808\uc5b4\ud15c \ubc1c\uad74\uc911~", 
        "picture_big": "crew/big/skyun40.jpg", 
        "comment_en": ""
    }
},
{
    "pk": 22, 
    "model": "homepage.crew", 
    "fields": {
        "picture": "crew/iconic/stella.png", 
        "github": "", 
        "uid": "stella", 
        "nick_en": "Stella", 
        "title_ko": "\ucf58\ud150\uce20 \uae30\ud68d", 
        "nick_ko": "\ub9c8\ub140", 
        "twitter": "", 
        "title_en": "Project Manager", 
        "email": "", 
        "facebook": "", 
        "name_ko": "\uc724\ud61c\ubbf8", 
        "home": "", 
        "name_en": "Haimee Yoon", 
        "comment_ko": "Abracadabra\u2605", 
        "picture_big": "crew/big/stella.jpg", 
        "comment_en": ""
    }
},
{
    "pk": 23, 
    "model": "homepage.crew", 
    "fields": {
        "picture": "crew/iconic/sys.png", 
        "github": "", 
        "uid": "sys", 
        "nick_en": "Mad Monkey", 
        "title_ko": "\uc18c\ud504\ud2b8\uc6e8\uc5b4 \uc5d4\uc9c0\ub2c8\uc5b4", 
        "nick_ko": "\ub9e4\ub4dc\ubabd\ud0a4", 
        "twitter": "", 
        "title_en": "Software Engineer", 
        "email": "", 
        "facebook": "", 
        "name_ko": "\uc1a1\uc2dc\uc601", 
        "home": "", 
        "name_en": "Siyoung Song", 
        "comment_ko": "", 
        "picture_big": "crew/big/sys.jpg", 
        "comment_en": ""
    }
},
{
    "pk": 24, 
    "model": "homepage.crew", 
    "fields": {
        "picture": "crew/iconic/wing.png", 
        "github": "", 
        "uid": "wing", 
        "nick_en": "Wing", 
        "title_ko": "\ub514\ub809\ud130", 
        "nick_ko": "\uc719", 
        "twitter": "", 
        "title_en": "Director", 
        "email": "", 
        "facebook": "", 
        "name_ko": "\uc724\ud61c\uacbd", 
        "home": "", 
        "name_en": "Hyekyoung Yun", 
        "comment_ko": "\uc9c0\uc18d \uac00\ub2a5\ud55c \ubc1c\uc804", 
        "picture_big": "crew/big/wing.jpg", 
        "comment_en": ""
    }
},
{
    "pk": 25, 
    "model": "homepage.crew", 
    "fields": {
        "picture": "crew/iconic/wix.png", 
        "github": "", 
        "uid": "wix", 
        "nick_en": "Wix", 
        "title_ko": "\ub514\uc9c0\ud138 \uc544\ud2f0\uc2a4\ud2b8", 
        "nick_ko": "\ub9c8\ube14", 
        "twitter": "", 
        "title_en": "Typography & Digital Artist", 
        "email": "", 
        "facebook": "", 
        "name_ko": "\ubc15\uc9c0\uc740", 
        "home": "", 
        "name_en": "Jieun Park", 
        "comment_ko": "\ub0b4 \ub514\uc790\uc778\uc5d0 \ud1a0\ub2e4\ub294 \ub188\ub4e4, \ub3c4\ub959\ud574\ubc84\ub9b4\uae4c.", 
        "picture_big": "crew/big/wix.jpg", 
        "comment_en": ""
    }
},
{
    "pk": 26, 
    "model": "homepage.crew", 
    "fields": {
        "picture": "crew/iconic/young.png", 
        "github": "", 
        "uid": "young", 
        "nick_en": "Young", 
        "title_ko": "\uc11c\ube44\uc2a4 \uae30\ud68d \ubc0f \uc6b4\uc601", 
        "nick_ko": "\ud669\uc7a5\uad70", 
        "twitter": "", 
        "title_en": "Project Manager", 
        "email": "", 
        "facebook": "", 
        "name_ko": "\ud669\ud61c\uc601", 
        "home": "", 
        "name_en": "Hyeyoung Hwang", 
        "comment_ko": "\ud06c\uc545! \uc624\ub298 \ud558\ub8e8\ub3c4 \uc798 \uc811\uc218\ud558\uaca0\ub2e4\uc544~!", 
        "picture_big": "crew/big/young.jpg", 
        "comment_en": ""
    }
},
{
    "pk": 27, 
    "model": "homepage.crew", 
    "fields": {
        "picture": "crew/iconic/z.png", 
        "github": "", 
        "uid": "z", 
        "nick_en": "L.E.D", 
        "title_ko": "\uc18c\ud504\ud2b8\uc6e8\uc5b4 \uc5d4\uc9c0\ub2c8\uc5b4", 
        "nick_ko": "\uad11\uc778", 
        "twitter": "", 
        "title_en": "Software Engineer", 
        "email": "", 
        "facebook": "", 
        "name_ko": "\uc11c\uad11\uc6d0", 
        "home": "", 
        "name_en": "Kwangwon Seo", 
        "comment_ko": "\uc774\uaca8\ub3c4 \ubcd1\uc2e0 \uc838\ub3c4 \ubcd1\uc2e0\uc774\uba74 \uc774\uae34 \ubcd1\uc2e0\uc774 \ub3fc\ub77c.", 
        "picture_big": "crew/big/z.jpg", 
        "comment_en": ""
    }
},
{
    "pk": 28, 
    "model": "homepage.crew", 
    "fields": {
        "picture": "crew/iconic/sakim.png", 
        "github": "", 
        "uid": "sakim", 
        "nick_en": "Cinnamon", 
        "title_ko": "\uadf8\ub798\ud53d \ub514\uc790\uc774\ub108", 
        "nick_ko": "\uc2dc\ub098\ubaac", 
        "twitter": "", 
        "title_en": "Graphic Designer", 
        "email": "", 
        "facebook": "", 
        "name_ko": "\uae40\uc2e0\uc544", 
        "home": "", 
        "name_en": "Sina Kim", 
        "comment_ko": "", 
        "picture_big": "crew/big/sakim.jpg", 
        "comment_en": ""
    }
},
{
    "pk": 29, 
    "model": "homepage.crew", 
    "fields": {
        "picture": "crew/iconic/bonchic.png", 
        "github": "", 
        "uid": "bonchic", 
        "nick_en": "Mokdol", 
        "title_ko": "\uc11c\ube44\uc2a4 \uae30\ud68d \ubc0f \uc6b4\uc601", 
        "nick_ko": "\ubaa9\ub3cc", 
        "twitter": "", 
        "title_en": "Project Manager", 
        "email": "", 
        "facebook": "", 
        "name_ko": "\ubc15\uc815\ud604", 
        "home": "", 
        "name_en": "Junghyun Park", 
        "comment_ko": "", 
        "picture_big": "crew/big/bonchic.jpg", 
        "comment_en": ""
    }
},
{
    "pk": 30, 
    "model": "homepage.crew", 
    "fields": {
        "picture": "crew/iconic/lono_1.png", 
        "github": "", 
        "uid": "lono", 
        "nick_en": "Mr.Kim", 
        "title_ko": "\uc18c\ud504\ud2b8\uc6e8\uc5b4 \uc5d4\uc9c0\ub2c8\uc5b4", 
        "nick_ko": "\ubbf8\uc2a4\ud130\uae40", 
        "twitter": "", 
        "title_en": "Software Engineer", 
        "email": "", 
        "facebook": "", 
        "name_ko": "\uae40\uc218\uc7ac", 
        "home": "", 
        "name_en": "Soojae Kim", 
        "comment_ko": "\uc81c\u2197 \uc5c5\ubb34\uc785\ub2c8\ub2e4\u2198", 
        "picture_big": "crew/big/lono_1.jpg", 
        "comment_en": null
    }
},
{
    "pk": 1, 
    "model": "homepage.app", 
    "fields": {
        "desc_more_en": "", 
        "appid_playstore_en": "kr.co.smartstudy.poliiap_kr_googlemarket", 
        "desc_en": "Aired on EBS in 2011, Robocar Poli is and animated children's TV series exported to about 60 contries including France, Taiwan. \r\n\r\n - Enjoy the 26 episodes of season 1 Robocar Poli  in HD quality with your mobile devices. \r\n - In Broom's Town with a strong rescue team(Poli, Roy, Amber, Helly and Jin), there are always accidents and troubles. In every episode, the town's rescue team saves characters.\r\n - You can also enjoy the theme song (Korean subtitle) and take some pictures with amazing Poli and his rescue team.  ", 
        "title_ko": "TV \u25b6 \ub85c\ubcf4\uce74 \ud3f4\ub9ac \uc2dc\uc98c 1", 
        "subtitle_ko": "EBS\uc5d0\uc11c \uc778\uae30\ub9ac\uc5d0 \ubc29\uc601\ub41c \uc5b4\ub9b0\uc774 \uc560\ub2c8\uba54\uc774\uc158  \ub85c\ubcf4\uce74 \ud3f4\ub9ac ! ", 
        "desc_ko": "\ud504\ub791\uc2a4, \uc911\ub3d9 \ub4f1 \uc804\uc138\uacc4 60\uc5ec\uac1c \uad6d\uac00 \ubc29\uc601 \uc608\uc815! 26\ud654\ub85c \uc774\ub8e8\uc5b4\uc9c4 \uccab\ubc88\uc9f8 \uc2dc\uc98c\uc744 HD \ud654\uc9c8\ub85c \uc990\uae30\uc138\uc694. \r\n\r\n - \uc544\ub984\ub2e4\uc6b4 \uc12c\ub9c8\uc744 \ube0c\ub8f8\uc2a4 \ud0c0\uc6b4\uc5d0\uc11c \ub3c4\uc6c0\uc774 \ud544\uc694\ud558\uba74 \ud3f4\ub9ac, \ub85c\uc774, \uc570\ubc84, \ud5ec\ub9ac\uac00 \ud568\uaed8 \ud558\ub294 \uc6a9\uac10\ud55c \uad6c\uc870\ub300\uac00 \ucd9c\ub3d9\ud55c\ub2f5\ub2c8\ub2e4. \r\n - \ub85c\ubd07\uc73c\ub85c \ubcc0\uc2e0\ud558\ub294 \uc790\ub3d9\ucc28 \uad6c\uc870\ub300\uc758 \ud65c\uc57d\uc744 \ud568\uaed8 \uc0b4\ud3b4\ubcfc\uae4c\uc694?\r\n - \uac00\uc0ac\ub97c \ubcf4\uba70 \ub85c\ubcf4\uce74 \ud3f4\ub9ac \uc8fc\uc81c\uac00\ub3c4 \ubd88\ub7ec\ubcf4\uace0 \uba4b\uc9c4 \ud3f4\ub9ac\uc640 \ud568\uaed8 \uc0ac\uc9c4\ub3c4 \ucc0d\uc5b4\ubd05\uc2dc\ub2e4!", 
        "title_en": "Robocar Poli Season 1", 
        "desc_more_ko": "", 
        "appid_appstore_en": "484757576", 
        "appid_playstore_ko": "kr.co.smartstudy.poliiap_kr_googlemarket", 
        "subtitle_en": "Rescue Broom's Town, Poli!", 
        "appid_appstore_ko": "484757576", 
        "launched": "2013-06-16", 
        "icon": "App/2013-06-16/bffff179-e080-4188-8518-70efa245ab44.png"
    }
},
{
    "pk": 2, 
    "model": "homepage.app", 
    "fields": {
        "desc_more_en": "", 
        "appid_playstore_en": "kr.co.smartstudy.kongya_kr_googlemarket", 
        "desc_en": " - One of the popular television series for 3-5 infants. \r\n - Through everyday objects and search of various natural phenomenon, infants can express ourselves creatively. \r\n - Let's express, imagine and practice one of 26 Kongya series and complete the Kongya dance! \r\n - You can take a picture of the completed dance moves with Kongya. ", 
        "title_ko": "TV \u25b6 \ucf69\uc57c \uc2dc\uc98c 1", 
        "subtitle_ko": "\ub300\ud55c\ubbfc\uad6d \ucd5c\uace0\uc758 \uad50\uc721\ucc44\ub110 EBS\uc640 \uc2a4\ub9c8\ud2b8\uc2a4\ud130\ub514\uac00 \ub9cc\ub0ac\uc5b4\uc694!", 
        "desc_ko": "3-5\uc138 \uc720\uc544\ub4e4\uc5d0\uac8c \ud070 \uc778\uae30\ub97c \ub048 \ucda4\ucd94\ub294 \uacf0 \ucf69\uc57c! \r\n\r\n - \uc2e4\uc0dd\ud65c\uc5d0\uc11c \uce5c\uadfc\ud558\uac8c \uc811\ud560 \uc218 \uc788\ub294 \uc77c\uc0c1\uc758 \uc0ac\ubb3c\uacfc \ub2e4\uc591\ud55c \uc790\uc5f0 \ud604\uc0c1 \ud0d0\uc0c9\uc744 \ud1b5\ud574 \ucc3d\uc758\uc801\uc778 \uc2e0\uccb4 \ud45c\ud604\uc744 \ud560 \uc218 \uc788\ub2f5\ub2c8\ub2e4.\r\n - \ucd1d 26\ud3b8\uc758 \ucf69\uc57c \uc2dc\ub9ac\uc988\uc640 \ud568\uaed8 \ub9e4\uc77c\ub9e4\uc77c \ud558\ub098\uc529 \ud45c\ud604\ud558\uace0, \uc0c1\uc0c1\ud558\uace0, \uc751\uc6a9\ud558\uc5ec \ucf69\uc57c \ucda4\uc744 \uc644\uc131\ud574 \ubcf4\uc544\uc694! \r\n - \uc644\uc131\ud55c \ucda4 \ub3d9\uc791\uc744 \ucf69\uc57c\uc640 \ud568\uaed8 \uc0ac\uc9c4\uc73c\ub85c \ub0a8\uae38 \uc218\ub3c4 \uc788\ub2f5\ub2c8\ub2e4. ", 
        "title_en": "Dancing Bear Kongya", 
        "desc_more_ko": "", 
        "appid_appstore_en": "639511761", 
        "appid_playstore_ko": "kr.co.smartstudy.kongya_kr_googlemarket", 
        "subtitle_en": "Korean No.1 Education Channel EBS meets SMARTSTUDY!", 
        "appid_appstore_ko": "639511761", 
        "launched": "2013-06-16", 
        "icon": "App/2013-06-16/7b0de880-1d89-4ff9-b94a-b2224b99a74d.png"
    }
},
{
    "pk": 3, 
    "model": "homepage.app", 
    "fields": {
        "desc_more_en": "", 
        "appid_playstore_en": "kr.co.smartstudy.thomas13_googlemarket", 
        "desc_en": "Ever since the publication of the book in 1945, still loved England's little engine Thomas! \r\n\r\n - Let's meet Thomas and Friends as HD quality through your mobile devices. \r\n - 20 episodes are waiting for you to share his adventures. \r\n - You can sing along with the theme song (English subtitle) and take some pictures with your tank engine friends. ", 
        "title_ko": "TV \u25b6 \ud1a0\ub9c8\uc2a4\uc640 \uce5c\uad6c\ub4e4 1", 
        "subtitle_ko": "\uc601\uad6d\uc758 \uaf2c\ub9c8 \uae30\uad00\ucc28 \ud1a0\ub9c8\uc2a4! ", 
        "desc_ko": "1945\ub144 \ucc45\uc73c\ub85c \ucd9c\uac04\ub418\uc5b4 \uc544\uc9c1\uae4c\uc9c0\ub3c4 \uc0ac\ub791\ubc1b\uace0 \uc788\ub294 \uc601\uad6d\uc758 \uaf2c\ub9c8 \uae30\uad00\ucc28 \ud1a0\ub9c8\uc2a4! \r\n\uc774\uc81c\ub294 \ubaa8\ubc14\uc77c\uc744 \ud1b5\ud574 \ucd1d 20\ud654\uc758 \uc5d0\ud53c\uc18c\ub4dc\ub97c HD\ud654\uc9c8\ub85c \ub9cc\ub098\ubcf4\uc138\uc694. \r\n\r\n - \uc601\uc0c1\uc740 \ubb3c\ub860 \ud1a0\ub9c8\uc2a4\uc640 \ud568\uaed8 \uc601\uc5b4 \uc790\ub9c9\uc758 \uc8fc\uc81c\uac00\ub97c \ub530\ub77c \ubd80\ub97c \uc218\ub3c4 \uc788\uace0,\r\n - \uadc0\uc5ec\uc6b4 \uae30\uad00\ucc28 \uce5c\uad6c\ub4e4\uacfc \ud568\uaed8 \uc0ac\uc9c4\uc744 \ucc0d\uc744 \uc218\ub3c4 \uc788\ub2f5\ub2c8\ub2e4.", 
        "title_en": "Thomas & Friends 1", 
        "desc_more_ko": "", 
        "appid_appstore_en": "651984515", 
        "appid_playstore_ko": "kr.co.smartstudy.thomas13_googlemarket", 
        "subtitle_en": "England's little engine Thomas! ", 
        "appid_appstore_ko": "651984515", 
        "launched": "2013-06-16", 
        "icon": "App/2013-06-16/caeeddf8-bb07-46e8-9216-92ef3b928de9.png"
    }
},
{
    "pk": 4, 
    "model": "homepage.app", 
    "fields": {
        "desc_more_en": "", 
        "appid_playstore_en": "kr.co.smartstudy.comicoguts15a.googlemarket", 
        "desc_en": " - \"My 40-combo-fist have no mercy.\"\r\n - \"You're just a Shit-making-machine.\"\r\n - \"But what will happen if the Dragoon into action? De! Ra! Goon!\"\r\n\r\nSerializayion app of th legendary figure of the cartoon industry and the originator of  \"zzalbang\", Kim Seongmo 's [Luckyzzang][DaeTeol][Magyedaejeon] and so on. \r\n\r\n 1. the 1st  nation to open 3times a day (1day 3eps : 6am, 4pm, 10pm) serial cartoon system. \r\n 2. A viewer that shows one cut of the original paper cartoon as a web cartoon. \r\n 3. Simultaneous publishing of NHN's mobile game <Golden Glove> stuff 166km. \r\n 4. After first publishing in April 2012, ranks No.1 in selling the Google cartoon category. ", 
        "title_ko": "6\uc2dc \uae40\uc131\ubaa8 \ub9cc\ud654", 
        "subtitle_ko": "\ub354 \uc774\uc0c1\uc758 \uc790\uc138\ud55c \uc124\uba85\uc740 \uc0dd\ub7b5\ud55c\ub2e4", 
        "desc_ko": " - \"\ub098\uc758 40\ub2e8 \ucef4\ubcf4\ub294 \uc790\ube44\uc2ec\uc774 \uc5c6\uc9c0\" \r\n - \"\ub124\ub188\uc740 \uadf8\ub0e5 \ud558\ub8e8\ud558\ub8e8 \ub625 \ub9cc\ub4dc\ub294 \uae30\uacc4\uc77c \ubfd0\uc774\uc9c0\" \r\n - \"\ud558\uc9c0\ub9cc \ub4dc\ub77c\uad70\uc774 \ucd9c\ub3d9\ud558\uba74 \uc5b4\ub5a8\uae4c? \ub4dc!\ub77c!\uad70!\" \r\n\r\n\ub9cc\ud654\uacc4\uc758 \ub808\uc804\ub4dc\uc774\uba70 \uc9e4\ubc29\uc758 \uc6d0\uc870 \uae40\uc131\ubaa8 \uc791\uac00\uc758 [\ub7ed\ud0a4\uc9f1][\ub9c8\uacc4\ub300\uc804][\ub300\ud138] \ub4f1\uc744 \ubaa8\ub450 \uc5f0\uc7ac\ud558\ub294 \uc571.\r\n\r\n 1. \uad6d\ub0b4 \ucd5c\ucd08\ub85c 1\uc77c 3\ud654(6\uc2dc/16\uc2dc/22\uc2dc) \uc5f0\uc7ac\ud615 \ub9cc\ud654 \uc2dc\uc2a4\ud15c \uc624\ud508\r\n 1. \uae30\uc874 \ucd9c\ud310 \ub9cc\ud654\ub97c 1\ucef7\uc529 \uc6f9\ud230\ud615\ud0dc\ub85c \ubcf4\uc5ec\uc8fc\ub294 \ubdf0\uc5b4 \ud0d1\uc7ac\r\n 1. NHN\uc758 \uc2a4\ub9c8\ud2b8\ud3f0\uac8c\uc784 <\uace8\ub4e0\uae00\ub7ec\ube0c>\uc5d0 \uc2a4\ud130\ud504166km\ub3d9\uc2dc \uc5f0\uc7ac\r\n 1. 2012\ub144 4\uc6d4 \uc624\ud508 \uc774\ud6c4 \uad6c\uae00 \ub9cc\ud654 \uce74\ud14c\uace0\ub9ac 1\ub144 \uc5f0\uc18d \ub9e4\ucd9c 1\uc704\r\n\r\n\ub354 \uc774\uc0c1\uc758 \uc790\uc138\ud55c \uc124\uba85\uc740 \uc0dd\ub7b5\ud55c\ub2e4!", 
        "title_en": "Korea Comics 1300+", 
        "desc_more_ko": "", 
        "appid_appstore_en": "514914993", 
        "appid_playstore_ko": "kr.co.smartstudy.comicoguts15a.googlemarket", 
        "subtitle_en": "I omit the detailed explanations", 
        "appid_appstore_ko": "514914993", 
        "launched": "2013-06-16", 
        "icon": "App/2013-06-16/05cc4473-d4c0-4c69-99d7-adca58a4373e.png"
    }
},
{
    "pk": 5, 
    "model": "homepage.app", 
    "fields": {
        "desc_more_en": "", 
        "appid_playstore_en": "kr.co.smartstudy.martial15.googlemarket", 
        "desc_en": "Hwangseong, Yaseolrok, Samadal! \r\nJust meet Korean TOP 3 matial arts cartoonist at this app. \r\n\r\n 1. New type of UI featuraing 3 representative martial arts cartoonist\r\n 2. Formation of cumminity composed of matial arts fans such as icons of the martial arts culture. \r\n 3. A Viewer that allows martial arts action\r\n 4. Since first opening in Sep 2102, becomes the 2nd rank in sales in Google cartoon category. \r\n 5. The sales increase rate of 2013 is on Top.", 
        "title_ko": "6\uc2dc \ubb34\ud611 \ub9cc\ud654", 
        "subtitle_ko": "\ud55c\uad6d \ucd5c\uace0\uc758 \ubb34\ud611 \ub9cc\ud654 \uc791\uac00 3\uc778\ubc29\uc744 \ud55c \uacf3\uc5d0\uc11c \ub9cc\ub09c\ub2e4", 
        "desc_ko": "\ud669\uc131, \uc57c\uc124\ub85d, \uc0ac\ub9c8\ub2ec! \ud55c\uad6d \ucd5c\uace0\uc758 \ubb34\ud611 \ub9cc\ud654 \uc791\uac00 3\uc778\ubc29\r\n\uc774\ub4e4\uc758 \ub9cc\ud654\ub97c \ubaa8\ub450 \ub9cc\ub098\ubcfc \uc218 \uc788\ub294 \uc571\r\n\r\n 1. \ub300\ud45c \ubb34\ud611 \uc791\uac00 3\uc778\ubc29\uc5d0 \ub9de\ucd98 \uc0c8\ub85c\uc6b4 \uc5f0\uc7ac\ud615 UI \ub3c4\uc785\r\n 2. \ubb34\ud611 \ubb38\ud30c\ub97c \uc0b4\ub9b0 \uc544\uc774\ucf58, \ub0b4\uacf5 \uc11c\uc5f4 \ub4f1\uc73c\ub85c \ubb34\ud611\uc778\ub4e4\ub9cc\uc758 \uc0c8\ub85c\uc6b4 \ucee4\ubba4\ub2c8\ud2f0 \ucc3d\ucd9c\r\n 3. \ubb34\ud611 \ud2b9\uc720\uc758 \uc561\uc158\uc131\uc744 \uc0b4\ub824\uc8fc\ub294 \ubdf0\uc5b4 \ud0d1\uc7ac\r\n 4. 2012\ub144 9\uc6d4 \uc624\ud508 \uc774\ud6c4 \uad6c\uae00 \ub9cc\ud654 \uce74\ud14c\uace0\ub9ac \ub9e4\ucd9c 2\uc704\r\n 5. 2013\ub144 \ub9e4\ucd9c \uc0c1\uc2b9\ub960 TOP", 
        "title_en": "Martial Arts Comics", 
        "desc_more_ko": "", 
        "appid_appstore_en": "553770300", 
        "appid_playstore_ko": "kr.co.smartstudy.martial15.googlemarket", 
        "subtitle_en": "At last, three guru cartoonist of martial arts are here.", 
        "appid_appstore_ko": "553770300", 
        "launched": "2013-06-16", 
        "icon": "App/2013-06-16/44be6e62-11b9-4002-962d-879b9a0f15a5.png"
    }
},
{
    "pk": 6, 
    "model": "homepage.app", 
    "fields": {
        "desc_more_en": "", 
        "appid_playstore_en": "kr.co.smartstudy.romance15.googlemarket", 
        "desc_en": "A system and UI specialized for femail! \r\nEveryday free series of popular author's 5 works from the first episode to the last. \r\n\r\n 1. I respect your tastes.  \r\n     - classification of main male characters according to your taste from, beasty guys, pet guys and so on.  \r\n 2. There's no border in love !\r\n     - Free publishing of various genres from historical plays to horror. \r\n 3. It's worthy to be a chatty girl.\r\n     - Share your feeling at the chat room.\r\n 4. Gotta have it! no reason to hesitate! \r\n     - High support from manias, and having the higher ARPU among all the cartoon apps. ", 
        "title_ko": "\uc21c\uc815 \ub9cc\ud654 \uce74\ud398", 
        "subtitle_ko": "\uc5ec\uc131\uc744 \uc704\ud55c, \uc5ec\uc131\uc5d0 \uc758\ud55c '\uc21c\uc815 \ub9cc\ud654 \uce74\ud398'", 
        "desc_ko": "\uc5ec\uc131\uc5d0\uac8c \ud2b9\ud654\ub41c UI \ubc0f \uc2dc\uc2a4\ud15c\uc744 \ud0d1\uc7ac\ud558\uace0, \uc778\uae30 \uc791\uac00\ub2d8\ub4e4\uc758 5\uc791\ud488\uc744 1\ud654\ubd80\ud130 \ub9c8\uc9c0\ub9c9\ud654\uae4c\uc9c0 \ub9e4\uc77c \ubb34\ub8cc \uc5f0\uc7ac\r\n\r\n 1. \ub2f9\uc2e0\uc758 \ucde8\ud5a5\uc744 \uc874\uc911\ud569\ub2c8\ub2e4 - \uc0ac\ud3ec\ub0a8, \uc9d0\uc2b9\ub0a8, \uc560\uc644\ub0a8\ub4f1 \ub0a8\uc790\uc8fc\uc778\uacf5\ub4e4\uc744 \ucde8\ud5a5\uc5d0 \ub530\ub77c \ubd84\ub958\r\n 2. \uc0ac\ub791\uc5d4 \uad6d\uacbd\ub3c4 \uc2dc\ub300\ub3c4 \uc5c6\uc5b4\uc694  -\ud559\uc6d0\ubb3c, \uc0ac\uadf9, \ud310\ud0c0\uc9c0, \ud638\ub7ec\ub4f1 \ub3d9\uc2dc\uc5d0 \ub2e4\uc591\ud55c \uc7a5\ub974 \ubb34\ub8cc\uc5f0\uc7ac\r\n 3. \uc5ec\uc790\uc758 \uc218\ub2e4\ub294 \uc18c\uc911\ud55c \uac70\ub77c\uad6c\uc694! - \ub300\ud654\ubc29\uc744 \ud1b5\ud558\uc5ec \uc720\uc800\ub4e4 \uac04 \uce5c\ubaa9 \ud615\uc131\r\n 4. \uc5b4\uba38 \uc774\uac74 \uaf2d \uc0ac\uc57c\ud574! - \ub9cc\ud654 \uc571\uc911 \uac00\uc7a5 \ub192\uc740 ARPU\ub97c \uac00\uc9c8 \uc815\ub3c4\ub85c \ub9e4\ub2c8\uce35\uc758 \ub192\uc740 \uc9c0\uc9c0\uc728", 
        "title_en": "Romantic Girl Comics", 
        "desc_more_ko": "", 
        "appid_appstore_en": "582941644", 
        "appid_playstore_ko": "kr.co.smartstudy.romance15.googlemarket", 
        "subtitle_en": "Girl Comics from Korea", 
        "appid_appstore_ko": "582941644", 
        "launched": "2013-06-16", 
        "icon": "App/2013-06-16/08eb0aff-6854-4b95-a3c7-9e8b13a740be.png"
    }
},
{
    "pk": 7, 
    "model": "homepage.app", 
    "fields": {
        "desc_more_en": "", 
        "appid_playstore_en": "kr.co.smartstudy.tamago", 
        "desc_en": " - \"lol, my fingers hurt. but it's fun!\"\r\n - \"It takes all my stresses out.\"\r\n - \"I feel thrill when I break an egg.\"\r\n\r\nA very simple game earning monsters by cracking the eggs. After 60 days since first opening 55million eggs have been cracked! 1 million have downloaded this game even though there's no kakao game set up. Have been ranked in top 10 in the game category in European countries such as Isreal and Denmark. It is the hottest game right now. ", 
        "title_ko": "\ud0c0\ub9c8\uace0 \ubaac\uc2a4\ud130\uc988", 
        "subtitle_ko": "\uc54c\uc744 \uae68\uace0 \ubaac\uc2a4\ud130\ub97c \uc5bb\ub294 \ub2e8\uc21c\ud55c \uac8c\uc784, \ud558\uc9c0\ub9cc!", 
        "desc_ko": " - \"\ud5d0~\uc774\uc5d0\uc694. \uc815\ub9d0 \uc190 \uc544\ud30c\uc694~ \uadfc\ub370 \uc7bc\uc788\uc5b4\uc694!!!\"\r\n - \"\uc190 \uc544\ud30c\ub3c4 \uc2a4\ud2b8\ub808\uc2a4 \ud480\ub824\uc11c \uc88b\uc544\uc694\"\r\n - \"\uc54c \uae70 \ub54c\ub9c8\ub2e4 \uc124\ub808\uc784\u314b\u314b\u314b\"\r\n\r\n\uc54c\uc744 \uae68\uace0 \ubaac\uc2a4\ud130\ub97c \uc5bb\ub294 \ub108\ubb34\ub108\ubb34\ub108\ubb34 \ub2e8\uc21c\ud55c \uac8c\uc784! \ud558\uc9c0\ub9cc \uc624\ud508 60\uc77c \ud6c4 5500\ub9cc\uac1c\uc758 \uc54c \uae68\uae30 \uc644\ub8cc!\r\n\uce74\uce74\uc624 \uac8c\uc784\ud558\uae30 \uc5c6\uc774 100\ub9cc \ub2e4\uc6b4\ub85c\ub4dc \ub2ec\uc131! \uc774\uc2a4\ub77c\uc5d8, \ub374\ub9c8\ud06c \ub4f1 \uc720\ub7fd\uad8c\uc5d0\uc11c \uc778\uae30 \uc21c\uc704 TOP10 \ub2ec\uc131!\r\n\r\n\uc9c0\uae08\ub3c4 \ub2e4\uc591\ud55c \uae30\ub85d\uc744 \uc368\ub0b4\ub824\uac00\uace0 \uc788\ub294 HOT\ud55c \uac8c\uc784", 
        "title_en": "Tamago Monsters", 
        "desc_more_ko": "", 
        "appid_appstore_en": "628360691", 
        "appid_playstore_ko": "kr.co.smartstudy.tamago", 
        "subtitle_en": "What an addictive egg!", 
        "appid_appstore_ko": "628360691", 
        "launched": "2013-06-16", 
        "icon": "App/2013-06-16/52889027-99ff-455a-87ee-364aa9d236ad.png"
    }
},
{
    "pk": 8, 
    "model": "homepage.app", 
    "fields": {
        "desc_more_en": "", 
        "appid_playstore_en": "", 
        "desc_en": " - A camera that allows you to combine the pictures fifty different frames.\r\n -  Give special effects and send through kakao talk or facebook.\r\n - After the first opening, has been in the top 5 ranking among camera app in 11 countries including Thailand, Indonesia ans Taiwan.\r\n - Right now popular in Russia, too.  ", 
        "title_ko": "3\ucd08 \uc0ac\uc9c4 \ud569\uce58\uae30", 
        "subtitle_ko": "\uc0ac\uc9c4\uc744 \ud569\uce58\uace0\ub294 \uc2f6\uc9c0\ub9cc, \ubcf5\uc7a1\ud55c \uac74 \uc2eb\uc744 \ub54c", 
        "desc_ko": " - \ub2e4\uc591\ud55c \ud504\ub808\uc784\uc73c\ub85c \ucc0d\uc740 \uc0ac\uc9c4\ub4e4\uc744 \ud569\uce58\uace0, \ud544\ud130 \ud6a8\uacfc\ub97c \uc8fc\uace0, \uce74\ud1a1\uc774\ub098 \ud398\uc774\uc2a4\ubd81 \ub4f1\uc73c\ub85c \uc804\uc1a1\ud560 \uc218 \uc788\ub294 \uce74\uba54\ub77c.\r\n - \uc624\ud508 \ud6c4 \ub300\ub9cc, \uc778\ub3c4\ub124\uc2dc\uc544, \ud0dc\uad6d \ub4f1 11\uac1c \uad6d\uac00\uc758 \uc0ac\uc9c4 \uce74\ud14c\uace0\ub9ac TOP5\r\n - \ud604\uc7ac\ub3c4 \ub7ec\uc2dc\uc544\uc758 \uc778\uae30 \uad6d\ubbfc \uc0ac\uc9c4\uc571!", 
        "title_en": "PIc Collage Editor", 
        "desc_more_ko": "", 
        "appid_appstore_en": "551537531", 
        "appid_playstore_ko": "", 
        "subtitle_en": "Collage photos in a second!", 
        "appid_appstore_ko": "551537531", 
        "launched": "2013-06-17", 
        "icon": "App/2013-06-17/13d2fa4d-2b3c-41b3-9f17-76d63db49b8c.png"
    }
},
{
    "pk": 9, 
    "model": "homepage.app", 
    "fields": {
        "desc_more_en": "", 
        "appid_playstore_en": "", 
        "desc_en": "You can make your life to a Webtoon. Use rapid shutter, various effects, it will be fun whoever take it !\r\n\r\n 1. 70 webtoon effects. \r\n 2. Take a shot with webtoon effects.\r\n 3. Take a video clip with webtoon effects. (limited 1 minute)\r\n 4. When combining the photos taken, you can make your own story by setting 1X4, 2X3, and etc composition. \r\n\r\nMake your own package! ", 
        "title_ko": "\uc6f9\ud230\uce74\uba54\ub77c", 
        "subtitle_ko": "\ud3c9\ubc94\ud55c \uc0ac\uc9c4\uc744 \ub2e4\uc591\ud55c \ub9cc\ud654 \ub290\ub08c\uc73c\ub85c \ud55c \ubc88\uc5d0", 
        "desc_ko": "\ub0b4 \uc0ac\uc9c4\uc5d0 \ub2e4\uc591\ud55c \uc6f9\ud230 \ud6a8\uacfc\ub97c \uc904 \uc218 \uc788\ub294 \uce74\uba54\ub77c.\r\n\ube60\ub978 \uc18d\ub3c4\ub294 \ubb3c\ub860 \ub2e4\uc591\ud55c \ub9cc\ud654 \ud6a8\uacfc\ub4e4\uc744 \uc9c0\uc6d0\ud558\uc5ec, \ub204\uac00 \ucc0d\ub354\ub77c\ub3c4 \uc7ac\ubbf8\uc788\ub294 \uc0ac\uc9c4\uc774 \ucc0d\ud788\ub294 \uc810\uc774 \ud2b9\uc9d5.\r\n\r\n 1. 70\uac1c\uc758 \uc6f9\ud230 \ud6a8\uacfc\r\n 2. \uc6f9\ud230 \ud6a8\uacfc\ub85c \uc0ac\uc9c4 \ucc0d\uae30\r\n 3. \uc6f9\ud230 \ud6a8\uacfc\ub85c \ub3d9\uc601\uc0c1 \ucc0d\uae30(\ucd5c\ub300 1\ubd84)\r\n 4. \ucc0d\uc740 \uc0ac\uc9c4\ub4e4\uc744 \ud55c\ubc88\uc5d0 \ud569\uce60 \ub54c 1X4, 2X3 \ub4f1\uc758 \uad6c\ub3c4\ub85c \ub9cc\ub4e4\uc5b4 \ub098\ub9cc\uc758 \uc2a4\ud1a0\ub9ac\ub85c \ud3ec\uc7a5 \uac00\ub2a5", 
        "title_en": "Cartoon Camera Pro", 
        "desc_more_ko": "", 
        "appid_appstore_en": "581198351", 
        "appid_playstore_ko": "", 
        "subtitle_en": "Take a shot with webtoon effects.", 
        "appid_appstore_ko": "581198351", 
        "launched": "2013-06-17", 
        "icon": "App/2013-06-17/71c814f1-312c-4f54-8385-3d32a21ba18a.png"
    }
},
{
    "pk": 10, 
    "model": "homepage.app", 
    "fields": {
        "desc_more_en": "", 
        "appid_playstore_en": "kr.co.smartstudy.bodlebookiapfree_us_android_googlemarket", 
        "desc_en": " - Best gift for your little ones! \r\n - 1 Top Grossing Education App! \r\n - One of the Best Ranking Education Apps!\r\n - Sing along kids\u2019 favorite songs with BEST KIDS SONGS\u2605\r\n\r\nHave a magical experience with BEST KIDS SONGS! ", 
        "title_ko": "\ubcf4\ub4e4\ubd81 \uc778\uae30 \uc728\ub3d9 \ub3d9\uc694", 
        "subtitle_ko": "\ud55c\uad6d\uc804\uc790\ucd9c\ud310\ud611\ud68c\uc758 \uacf5\uc2dd \uc778\uc99d\uc744 \ubc1b\uc740 \uc778\uae30 \uc5b4\ub9b0\uc774 \uad50\uc721\uc6a9 \uc571", 
        "desc_ko": " - [\ud1a0\ud0b9 \ud1b0]\ubcf4\ub2e4 \uc544\uc774\ub4e4\uc5d0\uac8c \uc778\uae30 \uc788\ub294 \ud551\ud06c\ud401 [\uc778\uae30\uc728\ub3d9\ub3d9\uc694] \r\n - \uace0\ud574\uc0c1\ub3c4(HD) \uc601\uc0c1\uc9c0\uc6d0! \r\n     - \uc6b0\ub9ac \uc544\uc774 \uc2dc\ub825 \uac71\uc815 \ub69d! \ud0c0\ub3d9\uc694\uc571\uacfc \ucc28\ubcc4\ud654\ub41c \uae68\ub057\ud55c \ud654\uc9c8\uc758 HD\uc601\uc0c1\uc744 \uc990\uae30\uc138\uc694~ \r\n - \uc5f0\uc18d \uc7ac\uc0dd \uae30\ub2a5 \ud0d1\uc7ac! \r\n     - \ub3d9\uc694\ub97c \uc5f0\uc18d\ud574\uc11c \ub4e4\uc744 \uc218 \uc788\ub294 \ud3b8\ub9ac\ud55c \uae30\ub2a5! \ub3d9\uc694\ub97c \ubaa8\ub450 \uad6c\uc785\ud558\uc2e4 \uacbd\uc6b0 60\ubd84\uc774\uc0c1 \uc608\uc05c \uc601\uc0c1\ub4e4\uc744 \uc990\uae38 \uc218 \uc788\uc5b4\uc694. \r\n - \ubca0\uc2a4\ud2b8 \uc778\uae30 \ub3d9\uc694 \ub2e4\uc218 \uc218\ub85d! \r\n     - \uc778\uae30\uc728\ub3d9\ub3d9\uc694\uc758 \uc9c0\uc874\u266c\uacf0\uc138\ub9c8\ub9ac, \u266c\uba38\ub9ac\uc5b4\uae68\ubb34\ub98e\ubc1c, \u266c\uc62c\ucc59\uc774\uc640\uac1c\uad6c\ub9ac\ubd80\ud130\u266cBingo, \u266cThe Alphabet Song, \u266cMuffin Man, \u266cTwinkle Twinkle Little Star \ub4f1 \uc601\uc5b4\uc720\uce58\uc6d0\uc5d0\uc11c \uac00\uc7a5 \uc778\uae30\uc788\ub294 \uc601\uc5b4\uc728\ub3d9\ub3d9\uc694\ub4e4\uc774 100\uace1 \uc774\uc0c1 \uc218\ub85d\ub418\uc5b4 \uc788\uc2b5\ub2c8\ub2e4.\r\n - \uc990\uac81\uac8c \ubc30\uc6b0\ub294 \ud30c\ub2c9\uc2a4 \ub3d9\uc694 \uc218\ub85d!\r\n     - \uc54c\ud30c\ubcb3\uc744 \uc7ac\ubbf8\uc788\uac8c \ubc30\uc6b8 \uc218 \uc788\ub294 \ud30c\ub2c9\uc2a4 \ub3d9\uc694\uac00 \uc218\ub85d\ub418\uc5b4 \uc788\uc5b4\uc694~\r\n\r\n[\ubcf4\ub4e4\ubd81\u266c\uc778\uae30\uc728\ub3d9\ub3d9\uc694]\ub294 \ucb48~\uc6b1 \uc5c5\ub370\uc774\ud2b8 \ub429\ub2c8\ub2e4! \uae30\ub300\ud574\uc8fc\uc138\uc694!", 
        "title_en": "Best Kids Songs", 
        "desc_more_ko": "", 
        "appid_appstore_en": "475263770", 
        "appid_playstore_ko": "kr.co.smartstudy.bodlebookiapfree_android_googlemarket", 
        "subtitle_en": "A Must-have-app for young kids! ", 
        "appid_appstore_ko": "441050169", 
        "launched": "2013-06-17", 
        "icon": "App/2013-06-17/0f9f70e0-d8b4-4224-8451-2180a4e9b0a8.png"
    }
},
{
    "pk": 11, 
    "model": "homepage.app", 
    "fields": {
        "desc_more_en": "", 
        "appid_playstore_en": "com.ssbooks.bodlebook_mp3_01_paid_us_android_googlemarket", 
        "desc_en": "Enjoy 35 kids\u2019 favorite playtime songs! \r\n\r\n - Make your own playlist by selecting your favorite songs.\r\n -  Learn the lyrics while singing the songs. \r\n - The last song is automatically played when you start the app again.\r\n - You can listen to your songs even when the screen is locked. \r\n - Song play doesn\u2019t require any network connections. \r\n", 
        "title_ko": "\ubcf4\ub4e4\ubd81 \uc601\uc5b4 \ub3d9\uc694 35", 
        "subtitle_ko": "\uc990\uac70\uc6b4 \uc601\uc5b4 \ub3d9\uc694\ub97c \uc5b8\uc81c \uc5b4\ub514\uc11c\ub098 \ub4e4\uc5b4\ubcf4\uc138\uc694", 
        "desc_ko": "\uc544\uc774\ub4e4\uc774 \uc815\ub9d0 \uc88b\uc544\ud558\ub294 \uc601\uc5b4 \ub3d9\uc694\ub97c \ud3b8\ub9ac\ud558\uac8c \ub4e4\uc744 \uc218 \uc788\uc5b4\uc694.\r\n\r\n - \uc990\uaca8 \ub4e3\ub294 \uc74c\uc545\uc73c\ub85c \ubaa9\ub85d\uc744 \uad6c\uc131\ud560 \uc218 \uc788\uc5b4\uc694.\r\n - \uc601\uc5b4 \uac00\uc0ac\uac00 \uac19\uc774 \ub098\uc640 \ud3b8\ub9ac\ud574\uc694.\r\n - \uc571\uc744 \ucf1c\uae30\ub9cc \ud558\uba74 \ub9c8\uc9c0\ub9c9\uc5d0 \ub4e3\ub358 \uc74c\uc545\uc774 \ubc14\ub85c \ub098\uc640\uc694. \r\n - \ub124\ud2b8\uc6cc\ud06c\uc5d0 \uc5f0\uacb0\ud560 \ud544\uc694 \uc5c6\uc774 \uc5b8\uc81c \uc5b4\ub514\uc11c\ub098 \ub4e4\uc744 \uc218 \uc788\uc5b4\uc694.", 
        "title_en": "35 Playtime Songs", 
        "desc_more_ko": "", 
        "appid_appstore_en": "518614958", 
        "appid_playstore_ko": "com.ssbooks.bodlebook_mp3_01_paid_us_android_googlemarket", 
        "subtitle_en": "Sing along and have fun whenever, wherever you are!", 
        "appid_appstore_ko": "518614958", 
        "launched": "2013-06-17", 
        "icon": "App/2013-06-17/528c7010-a553-4ced-bad2-b0c38c637bf7.png"
    }
},
{
    "pk": 1, 
    "model": "homepage.appimage", 
    "fields": {
        "app": 1, 
        "image": "AppImage/2013-06-16/26d0ff5f-edb9-464b-9953-6be34064a68f.jpg"
    }
},
{
    "pk": 2, 
    "model": "homepage.appimage", 
    "fields": {
        "app": 1, 
        "image": "AppImage/2013-06-16/d3bb1a6e-671a-48b1-83b8-e3d594e960fc.jpg"
    }
},
{
    "pk": 3, 
    "model": "homepage.appimage", 
    "fields": {
        "app": 1, 
        "image": "AppImage/2013-06-16/21fbb6c9-d730-4d08-a2ba-718555e7cf97.jpg"
    }
},
{
    "pk": 4, 
    "model": "homepage.appimage", 
    "fields": {
        "app": 1, 
        "image": "AppImage/2013-06-16/0db52862-7ee0-4239-9246-8b47c479f819.jpg"
    }
},
{
    "pk": 5, 
    "model": "homepage.appimage", 
    "fields": {
        "app": 1, 
        "image": "AppImage/2013-06-16/4298b84c-4829-43d1-aaaf-b5ed0fceb8a1.jpg"
    }
},
{
    "pk": 6, 
    "model": "homepage.appimage", 
    "fields": {
        "app": 2, 
        "image": "AppImage/2013-06-16/85d8d0fb-02da-4c4f-b99b-f724c957fa86.jpg"
    }
},
{
    "pk": 7, 
    "model": "homepage.appimage", 
    "fields": {
        "app": 2, 
        "image": "AppImage/2013-06-16/f15f94ae-3d5b-4aab-80ac-4f9b6f01b708.jpg"
    }
},
{
    "pk": 8, 
    "model": "homepage.appimage", 
    "fields": {
        "app": 2, 
        "image": "AppImage/2013-06-16/08fff30b-6b28-451c-9e5e-066b6eedcd50.jpg"
    }
},
{
    "pk": 9, 
    "model": "homepage.appimage", 
    "fields": {
        "app": 2, 
        "image": "AppImage/2013-06-16/7d4ae18e-1b64-431a-a430-6ff33f6da262.jpg"
    }
},
{
    "pk": 10, 
    "model": "homepage.appimage", 
    "fields": {
        "app": 2, 
        "image": "AppImage/2013-06-16/9928768c-7ba5-4ce1-a457-0b0eea8f54a0.jpg"
    }
},
{
    "pk": 11, 
    "model": "homepage.appimage", 
    "fields": {
        "app": 4, 
        "image": "AppImage/2013-06-16/0f101c31-b075-4735-bc91-597113a7f17e.jpg"
    }
},
{
    "pk": 12, 
    "model": "homepage.appimage", 
    "fields": {
        "app": 4, 
        "image": "AppImage/2013-06-16/3bdb9d43-09f0-441f-b158-b25a202c2e97.jpg"
    }
},
{
    "pk": 13, 
    "model": "homepage.appimage", 
    "fields": {
        "app": 4, 
        "image": "AppImage/2013-06-16/1deefe81-64b2-4d7b-86e9-3ac745ab3b69.jpg"
    }
},
{
    "pk": 14, 
    "model": "homepage.appimage", 
    "fields": {
        "app": 4, 
        "image": "AppImage/2013-06-16/3f5df276-361a-4745-8f6b-90d525f11dd4.jpg"
    }
},
{
    "pk": 15, 
    "model": "homepage.appimage", 
    "fields": {
        "app": 4, 
        "image": "AppImage/2013-06-16/65034285-044a-457c-ba96-06ee3777425d.jpg"
    }
},
{
    "pk": 16, 
    "model": "homepage.appimage", 
    "fields": {
        "app": 5, 
        "image": "AppImage/2013-06-16/cafc5e8f-6713-45e8-8289-6d158ea44b8b.jpg"
    }
},
{
    "pk": 17, 
    "model": "homepage.appimage", 
    "fields": {
        "app": 5, 
        "image": "AppImage/2013-06-16/06716ee8-b20c-4828-af1c-8d857f195ce1.jpg"
    }
},
{
    "pk": 18, 
    "model": "homepage.appimage", 
    "fields": {
        "app": 5, 
        "image": "AppImage/2013-06-16/265ffc98-c654-4e46-83e0-99d61936ee9b.jpg"
    }
},
{
    "pk": 19, 
    "model": "homepage.appimage", 
    "fields": {
        "app": 5, 
        "image": "AppImage/2013-06-16/c64c6b2c-6497-4fe0-b8fa-47a4bbbe0262.jpg"
    }
},
{
    "pk": 20, 
    "model": "homepage.appimage", 
    "fields": {
        "app": 5, 
        "image": "AppImage/2013-06-16/64d6a063-455b-439d-b7bd-1ad517302a95.jpg"
    }
},
{
    "pk": 21, 
    "model": "homepage.appimage", 
    "fields": {
        "app": 6, 
        "image": "AppImage/2013-06-16/c8723ca3-62df-421a-bb13-8d36284e90b4.jpg"
    }
},
{
    "pk": 22, 
    "model": "homepage.appimage", 
    "fields": {
        "app": 6, 
        "image": "AppImage/2013-06-16/61ce6acd-5a42-427e-8654-3c475fadaaf4.jpg"
    }
},
{
    "pk": 23, 
    "model": "homepage.appimage", 
    "fields": {
        "app": 6, 
        "image": "AppImage/2013-06-16/ede75978-88a5-478f-acd1-10b08707c129.jpg"
    }
},
{
    "pk": 24, 
    "model": "homepage.appimage", 
    "fields": {
        "app": 6, 
        "image": "AppImage/2013-06-16/750f7395-103e-4a48-93fb-f5efa5404974.jpg"
    }
},
{
    "pk": 25, 
    "model": "homepage.appimage", 
    "fields": {
        "app": 6, 
        "image": "AppImage/2013-06-16/baa12054-0a03-4db7-8d42-e20ba47274c3.jpg"
    }
},
{
    "pk": 26, 
    "model": "homepage.appimage", 
    "fields": {
        "app": 7, 
        "image": "AppImage/2013-06-16/6ac8e419-3e98-4beb-bd3b-46aa9757f39d.jpg"
    }
},
{
    "pk": 27, 
    "model": "homepage.appimage", 
    "fields": {
        "app": 7, 
        "image": "AppImage/2013-06-16/9e4111ad-d4ef-45c1-ae3f-31c55a872c76.jpg"
    }
},
{
    "pk": 28, 
    "model": "homepage.appimage", 
    "fields": {
        "app": 7, 
        "image": "AppImage/2013-06-16/a6f114ac-e6b5-4c09-9332-db55deb8fac3.jpg"
    }
},
{
    "pk": 29, 
    "model": "homepage.appimage", 
    "fields": {
        "app": 7, 
        "image": "AppImage/2013-06-16/7a0e092d-bf04-465b-b81c-c92315ac04ba.jpg"
    }
},
{
    "pk": 30, 
    "model": "homepage.appimage", 
    "fields": {
        "app": 8, 
        "image": "AppImage/2013-06-17/15bc4754-65b0-4123-ad8e-94b37323624f.jpg"
    }
},
{
    "pk": 31, 
    "model": "homepage.appimage", 
    "fields": {
        "app": 8, 
        "image": "AppImage/2013-06-17/d1e05dc6-963a-4a68-ab1e-3ffc890e7d02.jpg"
    }
},
{
    "pk": 32, 
    "model": "homepage.appimage", 
    "fields": {
        "app": 8, 
        "image": "AppImage/2013-06-17/b6e2b589-4415-4c5e-83a6-0e1227f82043.jpg"
    }
},
{
    "pk": 33, 
    "model": "homepage.appimage", 
    "fields": {
        "app": 8, 
        "image": "AppImage/2013-06-17/0b3b6ab8-7fe3-4bbc-80a5-234455020fab.jpg"
    }
},
{
    "pk": 34, 
    "model": "homepage.appimage", 
    "fields": {
        "app": 8, 
        "image": "AppImage/2013-06-17/6a74dddd-48fe-47db-aa51-dc9f35a0818b.jpg"
    }
},
{
    "pk": 40, 
    "model": "homepage.appimage", 
    "fields": {
        "app": 11, 
        "image": "AppImage/2013-06-17/e31f02b6-0c87-4b2b-be06-c41342ba46c3.jpg"
    }
},
{
    "pk": 41, 
    "model": "homepage.appimage", 
    "fields": {
        "app": 11, 
        "image": "AppImage/2013-06-17/66b89c64-5968-4d8d-a65a-777b6eb5fc88.jpg"
    }
},
{
    "pk": 42, 
    "model": "homepage.appimage", 
    "fields": {
        "app": 11, 
        "image": "AppImage/2013-06-17/b695a6ab-6702-4224-bb48-a6f89ddae047.jpg"
    }
},
{
    "pk": 43, 
    "model": "homepage.appimage", 
    "fields": {
        "app": 11, 
        "image": "AppImage/2013-06-17/928aa238-d583-4534-a8e9-2d143c5b7ea3.jpg"
    }
},
{
    "pk": 44, 
    "model": "homepage.appimage", 
    "fields": {
        "app": 3, 
        "image": "AppImage/2013-06-17/1e31c20e-d900-4e9e-997c-4538275b9c61.png"
    }
},
{
    "pk": 45, 
    "model": "homepage.appimage", 
    "fields": {
        "app": 3, 
        "image": "AppImage/2013-06-17/6cf26d03-8963-4ab2-904d-0697557ddcaa.png"
    }
},
{
    "pk": 46, 
    "model": "homepage.appimage", 
    "fields": {
        "app": 3, 
        "image": "AppImage/2013-06-17/ec940307-a1c7-4e96-989a-d01cf477fa51.png"
    }
},
{
    "pk": 47, 
    "model": "homepage.appimage", 
    "fields": {
        "app": 3, 
        "image": "AppImage/2013-06-17/43cf38b8-709a-4d21-b9b5-c84ca07fdb88.png"
    }
},
{
    "pk": 48, 
    "model": "homepage.appimage", 
    "fields": {
        "app": 10, 
        "image": "AppImage/2013-06-17/518adbea-bfae-47fa-8c7b-275db7cf1015.jpg"
    }
},
{
    "pk": 49, 
    "model": "homepage.appimage", 
    "fields": {
        "app": 10, 
        "image": "AppImage/2013-06-17/085bd7e4-da73-4cb3-9f7d-d258c933005e.jpg"
    }
},
{
    "pk": 50, 
    "model": "homepage.appimage", 
    "fields": {
        "app": 10, 
        "image": "AppImage/2013-06-17/fbc733a5-b948-4e25-a417-9ee26b6fab10.jpg"
    }
},
{
    "pk": 51, 
    "model": "homepage.appimage", 
    "fields": {
        "app": 10, 
        "image": "AppImage/2013-06-17/52edac8c-257a-48f4-8e36-7484d3ad2ec8.jpg"
    }
},
{
    "pk": 52, 
    "model": "homepage.appimage", 
    "fields": {
        "app": 10, 
        "image": "AppImage/2013-06-17/f7241381-dbae-4655-b1c5-7a5457047d5f.jpg"
    }
},
{
    "pk": 1, 
    "model": "homepage.appcategory", 
    "fields": {
        "app": [
            10, 
            11
        ], 
        "title_en": "Education", 
        "uid": "education", 
        "title_ko": "\uad50\uc721"
    }
},
{
    "pk": 2, 
    "model": "homepage.appcategory", 
    "fields": {
        "app": [
            1, 
            2, 
            3
        ], 
        "title_en": "Mobile VOD", 
        "uid": "mobilevod", 
        "title_ko": "\ubaa8\ubc14\uc77cVOD"
    }
},
{
    "pk": 3, 
    "model": "homepage.appcategory", 
    "fields": {
        "app": [
            4, 
            5, 
            6
        ], 
        "title_en": "Comics", 
        "uid": "comics", 
        "title_ko": "\ub9cc\ud654"
    }
},
{
    "pk": 4, 
    "model": "homepage.appcategory", 
    "fields": {
        "app": [
            7
        ], 
        "title_en": "Game", 
        "uid": "game", 
        "title_ko": "\uac8c\uc784"
    }
},
{
    "pk": 5, 
    "model": "homepage.appcategory", 
    "fields": {
        "app": [
            8, 
            9
        ], 
        "title_en": "Photo", 
        "uid": "photo", 
        "title_ko": "\uc0ac\uc9c4"
    }
}
]
